X,Y,OBJECTID,COD_SIG,IDTIPO,COD_SIG_EDIF,NOME,MORADA,TIPO_UNIDADE,TELEFONE,EMAIL,CODPOSTAL,FONTE,MORADA_RMOG,GlobalID
-9.124780095215595,38.752020765907005,1,2105705006001021,999,2105705006001,38ª Esquadra,"Rua Ricardo Ornelas  Lote 378, R/C-A",Esquadra de Polícia,-,-,-,PSP,"Rua Ricardo Ornelas (antigo Impasse A4 do B. Flamengas Zona N1 Chelas) Lote 378, R/C-A",21788845-91be-4b5d-af40-f183b0016061
-9.135952401980013,38.71790707585199,2,3100303072001001,999,3100303072001,Comando - 1ª Divisão Policial LX,"Rua da Palma, 169",Comando,213513600,-,1100-391,PSP,"Rua da Palma 169, R/C",801d5d4e-4943-421e-accb-23f56dc0d0ad
-9.126076979516565,38.739350967021537,3,0302704025001001,999,0302704025001,12ª Esquadra,"Largo Roque Laia 3A, R/C Loja A",Esquadra de Polícia,-,-,-,PSP,"Largo Roque Laia 3A, R/C-Loja A",cc8b174b-fb7e-45f9-af5f-bbc406846953
-9.151054835417495,38.726657492718012,4,5001301001001002,999,5001301001001,Parque de Viaturas Rebocadas,"Alameda Edgar Cardoso Estacionamento, -1",Vários,-,-,-,PSP,"Alameda Edgar Cardoso Estacionamento, -1",23a42e6b-cb83-47fb-b8cb-6ec6d785cda9
-9.136034207061359,38.709358497213643,5,1900102007001004,999,1900102007001,2ª Esquadra,"Rua da Prata nº 38, 1100-419 Lisboa c/ Rua de S. Julião, nº69",Esquadra de Polícia,213427379,-,1100-524,PSP,"Rua da Prata 38, R/C",6875624f-dec8-4ed4-9c4d-dd16995b3df3
-9.129485143687077,38.771152713148886,6,3305901192001013,999,3305901192001,Secção de Achados,"Alameda das Comunidades Portuguesas Terminal 1, R/C",Vários,-,-,-,PSP,"Alameda das Comunidades Portuguesas Terminal 1, R/C",d2cf1e2c-2acf-4ea1-b6fb-1982c952dc5d
-9.169254830634545,38.703095115631406,7,2602406008001001,999,2602406008001,Divisão de Investigação Criminal,"Rua Cintura do Porto de Lisboa, Edifício P.S.P.",Divisão de Investigação Criminal,213943600,dic.lisboa@psp.pt,1399-014,PSP,"Avenida de Brasília PSP (Div Investigação Criminal), R/C",4e14e93c-66e3-4e71-94c8-2129c47e1da8
-9.169254830634545,38.703095115631406,8,2602406008001001,999,2602406008001,6ª Esquadra de Investigação Criminal,"Rua Cintura do Porto de Lisboa, Edifício P.S.P.",Esquadra de Investigação Criminal,213943690,6eic.lisboa@psp.pt,1399-014,PSP,"Avenida de Brasília PSP (Div Investigação Criminal), R/C",00c518c6-c075-4ca3-8f51-49d5a6d388cf
-9.169254830634545,38.703095115631406,9,2602406008001001,999,2602406008001,7ª Esquadra de Investigação Criminal,"Rua Cintura do Porto de Lisboa, Edifício P.S.P.",Esquadra de Investigação Criminal,213943600,7eic.lisboa@psp.pt,1399-014,PSP,"Avenida de Brasília PSP (Div Investigação Criminal), R/C",90a80a69-de9d-40aa-af33-76a0545c231a
-9.169254830634545,38.703095115631406,10,2602406008001001,999,2602406008001,8ª Esquadra de Investigação Criminal,"Rua Cintura do Porto de Lisboa, Edifício P.S.P.",Esquadra de Investigação Criminal,213943600,8eic.lisboa@psp.pt,1399-014,PSP,"Avenida de Brasília PSP (Div Investigação Criminal), R/C",0befa772-2f73-460c-a72b-02357a830b58
-9.128211250867485,38.772506354060461,11,3305901330001001,999,3305901330001,Divisão de Segurança Aeroportuária,"Aeroporto de Lisboa - Arruamento A, Edifício 11",Segurança Aeroportuária,218444530,das.lisboa@psp.pt,1700-008,PSP,"Rua A ao Aeroporto da Portela Edif 11, R/C",6b399bd5-8f44-4b9d-ac0a-940a05e32fe7
-9.128211250867485,38.772506354060461,12,3305901330001001,999,3305901330001,Esquadra de Comando da Divisão,"Aeroporto de Lisboa - Arruamento A, Edifício 11",Segurança Aeroportuária,218444530,-,1700-008,PSP,"Rua A ao Aeroporto da Portela Edif 11, R/C",d29bb77f-a03b-4f98-847d-37a631793790
-9.128211250867485,38.772506354060461,13,3305901330001001,999,3305901330001,Esquadra de Intervenção e Fiscalização,"Aeroporto de Lisboa - Arruamento A, Edifício 11",Segurança Aeroportuária,218444530,-,1700-008,PSP,"Rua A ao Aeroporto da Portela Edif 11, R/C",501778d9-aca8-4f92-8154-f9be4daae776
-9.128211250867485,38.772506354060461,14,3305901330001001,999,3305901330001,Esquadra de Segurança Aeroportuária de Lisboa,"Aeroporto de Lisboa - Arruamento A, Edifício 11",Segurança Aeroportuária,218444530,-,1700-008,PSP,"Rua A ao Aeroporto da Portela Edif 11, R/C",b4031884-4227-43c3-8f3b-c4ac01aefa03
-9.128211250867485,38.772506354060461,15,3305901330001001,999,3305901330001,Esquadra de Trânsito,"Aeroporto de Lisboa - Arruamento A, Edifício 11",Segurança Aeroportuária,218444530,-,1700-008,PSP,"Rua A ao Aeroporto da Portela Edif 11, R/C",14397534-15ae-4927-af23-daa02b6c8f1a
-9.128211250867485,38.772506354060461,16,3305901330001001,999,3305901330001,Esquadra de Investigação Criminal,"Aeroporto de Lisboa - Arruamento A, Edifício 11",Segurança Aeroportuária,218444530,-,1700-008,PSP,"Rua A ao Aeroporto da Portela Edif 11, R/C",d92efea1-7ec2-4c74-bd59-f594cefb12be
-9.140781937186899,38.714234246927582,17,3100403046001001,999,3100403046001,Divisão Policial de Segurança a Transportes Públicos - CP,Estação CP Rossio Ed. Posto do Comando,Segurança aos Transportes Públicos,213215738,dstp.lisboa@psp.pt,1200-147,PSP,Rua Primeiro de Dezembro 109,0f28386a-ed75-4f55-8b0d-1e86012f6695
-9.149727186512997,38.724541851245647,18,1401001001001001,999,1401001001001,1ª Esquadra de Segurança a Transportes Públicos,"Praça do Marquês de Pombal Estação de Metro (Marquês Pombal), -1",Segurança aos Transportes Públicos,213521040,-,1250-161,PSP,"Praça do Marquês de Pombal Estação de Metro (Marquês Pombal), -1",23e7c6ac-6d77-459e-9253-1d912389099c
-9.140781937186899,38.714234246927582,19,3100403046001001,999,3100403046001,Esquadra de Investigação Criminal,"Estação CP Rossio, Edifício do Chefe da Estação",Esquadra de Investigação Criminal,213215743,-,1200-147,PSP,Rua Primeiro de Dezembro 109,6f53972a-6125-40df-a719-8be4f6db8967
-9.19205784906293,38.733495759992969,20,0805507008001001,999,0805507008001,Tribunal de Monsanto - Esquadra Especial,Estrada do Forte (Monsanto) Tribunal,Esquadra de Polícia,217654242,-,1500-624,PSP,"Estrada do Forte (Monsanto) Tribunal, R/C",092beccb-9625-4777-8113-1bc85f8df667
-9.135952401980013,38.71790707585199,21,3100303072001001,999,3100303072001,1ª Esquadra de Investigação Criminal e Esquadra de Intervenção e Fiscalização Policial,"Rua da Palma, 169",Esquadra de Investigação Criminal,213513600,-,1100-391,PSP,"Rua da Palma 169, R/C",6cff5ab3-0ce9-4aba-98d5-f4f05ddc4e44
-9.099155759533936,38.767608172525804,22,3308508001001002,999,3308508001001,4º Esquadra de Segurança a Transportes Públicos,"Avenida Dom João II, Estação do Oriente Lt. 01.07.15, Gare do Oriente",Segurança aos Transportes Públicos,218946046,-,1990-233,PSP,Praça do Oriente 1.15.01 (Gare do Oriente),c9b9e60c-8b23-4025-a5eb-4205100fae9b
-9.19205784906293,38.733495759992969,23,0805507008001001,999,0805507008001,Campos de Justiça - Esquadra Especial,"Avenida Dom João II, Parque das Nações - Piso C1",Esquadra de Segurança,218364090,-,1990-097,PSP,"Estrada do Forte (Monsanto) Tribunal, R/C",856b8779-1135-4ba7-a298-41b611226aa6
-9.13114492670155,38.729894417812496,24,2500401115001001,999,2500401115001,Direção Nacional da PSP - Comando,"Largo da Penha de França, 1",Comando,218111000,contacto@psp.pt,1170-298,PSP,Largo da Penha de França 1,422aa07b-9325-4952-9294-ae36665ac135
-9.13114492670155,38.729894417812496,25,2500401115001001,999,2500401115001,Direção Nacional da PSP - Relações Públicas,"Largo da Penha de França, 1",Departamento,218111000/218111049,contacto@psp.pt,1170-298,PSP,Largo da Penha de França 1,d7af1165-3a64-433f-8806-99c976c743e3
-9.13114492670155,38.729894417812496,26,2500401115001001,999,2500401115001,Direção Nacional da PSP - Recursos Humanos,"Largo da Penha de França, 1",Departamento,218111000,contacto@psp.pt,1170-298,PSP,Largo da Penha de França 1,154cd1c5-5f4b-4a74-9b25-2dd10cab8722
-9.154823412663143,38.723148171713483,27,4601102019001001,999,4601102019001,Direção Nacional da PSP - Departamento de Armas e Explosivos,"Travessa da Fábrica dos Pentes 22, 1º",Departamento,213703900,depaex@psp.pt,1269-003,PSP,"Travessa da Fábrica dos Pentes 22, 1º",6ac09ec2-9b9b-42d7-b070-506c5076640c
-9.178160255847454,38.7044321806288,28,0202507011001003,999,0202507011001,Instituto Superior de Ciências Policiais e Segurança Interna,Rua  Primeiro de Maio a Alcântara  3 R/C,Estabelecimento de Ensino,213613900,iscpsi@psp.pt,1349-040,PSP,"Rua Primeiro de Maio a Alcântara 3, R/C",0f304a2b-ba04-43fd-9ff1-a68a153627e7
-9.178160255847454,38.7044321806288,29,0202507011001003,999,0202507011001,Carreira de Tiro da Escola Superior de Polícia,Rua Primeiro de Maio a Alcântara  3 R/C,Carreira de Tiro,213613900,-,1349-040,PSP,"Rua Primeiro de Maio a Alcântara 3, R/C",465aede2-f17a-4935-af99-419b47b08ccb
-9.200303454513149,38.699998779958335,30,3202701096001001,999,3202701096001,Corpo de Intervenção,"Calçada da Ajuda, 23",Unidade Especial,213647155/219802020,ci@psp.pt,1300-006,PSP,"Calçada da Ajuda Quartel, R/C",97327f4c-e715-45d4-b63f-70335b11cf3f
-9.117743831445273,38.764310943283796,31,3309402006001015,999,3309402006001,Secção de Achados,"Praça Cidade de Salazar Lote 180, R/C",Vários,218535403,-,1800-125,PSP,"Praça Cidade de Salazar Lote 180, R/C",acc580b2-4b07-44f1-bb7a-e2150c83572c
-9.142172964031317,38.715559738902449,32,3100403047001001,999,3100403047001,Esquadra de Turismo,Praça dos Restauradores - Palácio Foz,Esquadra de Turismo,213421623/213400090,lsbetur@psp.pt,1250-187,PSP,Praça dos Restauradores 25,e9d9f467-ad2e-4376-9b65-041d2cab364f
-9.137618945715342,38.718133016647769,33,2400701054001003,999,2400701054001,Posto de Polícia,"Rua José António Serrano Bloco Central, R/C",Posto de Polícia,218841000,-,1150-199,PSP,"Rua José António Serrano Bloco Central, R/C",31eed1d6-2ada-4f12-8aa2-ed9247a72c6d
-9.160606566137993,38.748290183887242,34,0902012074001004,999,0902012074001,Posto de Polícia,Avenida  Professor Egas Moniz  Hospital de Santa Maria,Posto de Polícia,217805000,-,1649-035,PSP,Avenida Professor Egas Moniz Hospital de Santa Maria,1418110c-369d-4427-9b6c-252646d83bdf
-9.217770516086514,38.707787290338189,35,4001307014001003,999,4001307014001,Posto de Polícia,"Estrada do Forte do Alto do Duque Hospital S Francisco de Xavier, R/C",Posto de Polícia,213619609,-,1449-005,PSP,"Estrada do Forte do Alto do Duque Hospital S Francisco de Xavier, R/C",4cedbede-7270-44de-b448-f874884bf12c
-9.177606614256392,38.765881244822523,36,1103106201001001,999,1103106201001,Parque de Viaturas Rebocadas,"Azinhaga Torre do Fato, s/n",Vários,217157497,-,1600-298,PSP,"Azinhaga da Torre do Fato PSP, R/C",cecb1e48-aac0-4809-8e26-dcbec0baedf0
-9.212133046892845,38.710195486537586,37,4001302016001001,999,4001302016001,Parque de Viaturas Rebocadas,"Rua Gregório Lopes, PSP",Vários,213016864,restelodt.lisboa@psp.pt,1400-195,PSP,"Rua Gregório Lopes PSP, R/C",66a7316b-6a92-4c36-bca4-08da8dc8401b
-9.162951318149895,38.736204818197187,38,1003110023001001,999,1003110023001,Polícia Municipal,"Rua Cardeal Saraiva, R/C",Vários,Linha Azul-808202036,pm@cm-lisboa.pt,1070-045,PSP,"Rua Cardeal Saraiva (antiga Rua A à Avenida José Malhoa) Polícia Municipal, R/C",8ed539f3-3a95-48dc-9743-ebaf7dc6ed20
-9.145065705434513,38.713356094441195,39,1500809001001006,999,1500809001001,3ª Esquadra,"Rua da Atalaia 138-144, R/C, Rua de O Século  4, R/C",Esquadra de Polícia,213403410,-,1200-033,PSP,"Rua da Atalaia 140, R/C",4ecd8899-c29d-491a-9c03-066dec96a9aa
-9.135952401980013,38.71790707585199,40,3100303072001001,999,3100303072001,4ª Esquadra,"Rua da Palma, 169",Esquadra de Polícia,213513642,-,1100-391,PSP,"Rua da Palma 169, R/C",cdb8f206-5022-4adf-8453-5ca0e8593ba0
-9.155791054530996,38.720429186029278,41,3000301014001001,999,3000301014001,22ª Esquadra LX,"Largo do Rato, 1",Esquadra de Polícia,213858870,-,1250-185,PSP,Largo do Rato 1,07157415-6641-46e2-9381-d5490eec73e9
-9.120215420185387,38.764226437745876,42,3309801006001002,999,3309801006001,2ª Divisão Policial LX,"Rua Cidade de Nampula (antiga Rua B2 de Olivais Sul) 12, R/C",Divisão de Policia,218547200,2div.lisboa@psp.pt,1800-105,PSP,"Rua Cidade de Nampula (antiga Rua B2 de Olivais Sul) 12, R/C",f1cadd58-e840-41c9-8d4c-3a905cedd06e
-9.120226800043417,38.764217334093907,43,3309801006001001,999,3309801006001,2ª Esquadra de Investigação Criminal,"Praceta A à Avenida Cidade de Lourenço Marques PSP, Cave-Loja 1",Esquadra de Investigação Criminal,218547215,2eic.lisboa@psp.pt,1800-093,PSP,"Praceta A à Avenida Cidade de Lourenço Marques PSP, Cave-Loja 1",687610f8-2cee-4410-9ed7-002c72a53ff8
-9.120226800043417,38.764217334093907,44,3309801006001001,999,3309801006001,Esquadra de Intervenção e Fiscalização Policial,"Avenida Cidade Lourenço Marques, Praceta A",Esquadra de Intervenção e Fiscalização Polícial,218547214,-,1800-093,PSP,"Praceta A à Avenida Cidade de Lourenço Marques PSP, Cave-Loja 1",c5803ce8-ff95-4650-b453-bf56922d80a5
-9.114406036802555,38.753418781071375,45,2106102007001001,999,2106102007001,14ª Esquadra LX,Rua Luiz Pacheco Lote 105,Esquadra de Polícia,218374060,-,1950-244,PSP,Rua Luiz Pacheco Lote 105,7006aef1-06e6-4e7f-8d5a-0243a3a581fd
-9.112285745034098,38.747234120572777,46,2103201016001033,999,2103201016001,16ª Esquadra LX,"Avenida João Paulo II Lote 526, R/C",Esquadra de Polícia,218380821,-,1950-159,PSP,"Avenida João Paulo II Lote 526, R/C-A - Loja",9122555f-eea4-40a5-8494-8bf5ae1c39cc
-9.120226800043417,38.764217334093907,47,3309801006001001,999,3309801006001,34ª Esquadra,"Praceta A à Avenida Cidade de Lourenço Marques PSP, Cave-Loja 1",Esquadra de Polícia,218547210,-,1800-093,PSP,"Praceta A à Avenida Cidade de Lourenço Marques PSP, Cave-Loja 1",2523dd90-c825-4ded-b7ca-882ff5fa5fe3
-9.09506779796712,38.782169668147247,48,5402105007001001,999,5402105007001,40ª Esquadra,"Rua Ilha dos Amores, Lote 43901-J, Parque das Nações",Esquadra de Polícia,218955810,-,1990-371,PSP,"Rua da Ilha dos Amores 57B, R/C-Loja 6",17df507f-060b-4f4e-94e1-a3ce258fc690
-9.199198550069873,38.74565912089848,49,0807204002001002,999,0807204002001,3ª Divisão Policial LX,"Rua André de Resende, R/C",Divisão de Policia,217108200,3div.lisboa@psp.pt,1500-040,PSP,Rua André de Resende 1,f5b848e4-f26c-4ee7-a72d-25415786d105
-9.200668409470376,38.698086772447901,50,3202701025001001,999,3202701025001,Esquadra de Segurança,"Palácio de Belém, s/n",Segurança a instalações,213637110,-,1349-022,PSP,"Praça Afonso de Albuquerque Palácio de Belém, R/C",e689449b-3558-4a07-8c23-d668e3e8eaac
-9.153617956196861,38.712469036808749,51,1702901080001005,999,1702901080001,Esquadra de Segurança,"Praça de São Bento, s/n",Segurança a instalações,213917337,-,1249-068,PSP,"Calçada da Estrela 28, R/C",83b0a362-40f2-45b5-95fb-b516fb42059e
-9.166436244259716,38.713211762005535,52,3503002017001002,999,3503002017001,Esquadra de Segurança,"Rua Professor Gomes Teixeira 2, R/C",Segurança a instalações,213927781/213927782,-,1350-265,PSP,"Rua Professor Gomes Teixeira 2, R/C",538b4038-d772-4c9a-b6ff-3421fa0c66f5
-9.155901219425875,38.712586480937368,53,1702901080003001,999,1702901080003,Esquadra de Segurança,"Rua da Imprensa à Estrela, 4",Segurança a instalações,213923500,-,1200-888,PSP,Rua da Imprensa à Estrela 2 (Casa da Guarda),da178738-ec01-4f76-9e4c-5d88537f6c94
-9.143018445800314,38.737460590336639,54,2304905003001001,999,2304905003001,Esquadra de Segurança,"Avenida João Crisóstomo Casa da Moeda, R/C",Segurança a instalações,217810832,-,1500-624,PSP,"Avenida de António José de Almeida Casa da Moeda, R/C",1c211e62-e97f-4284-9766-c5474cba9407
-9.169254830634545,38.703095115631406,55,2602406008001001,999,2602406008001,1º Esquadra de Segurança a Instalações Diplomáticas,"Rua Cintura do Porto de Lisboa, Edifício P.S.P.",Segurança a instalações,213943680,-,1399-014,PSP,"Avenida de Brasília PSP (Div Investigação Criminal), R/C",1974fa7a-866a-4b97-91bc-073e213221cf
-9.169254830634545,38.703095115631406,56,2602406008001001,999,2602406008001,2ª Esquadra de Segurança a Instalações Diplomáticas,"Rua Cintura do Porto de Lisboa, Edifício P.S.P.",Segurança a instalações,213943680,-,1399-014,PSP,"Avenida de Brasília PSP (Div Investigação Criminal), R/C",d31aa6ec-0632-4813-a4ba-782141bacfbb
-9.199198550069873,38.74565912089848,57,0807204002001002,999,0807204002001,Esquadra de Intervenção e Fiscalização Policial,"Rua André de Resende, 1",Esquadra de Intervenção e Fiscalização Polícial,217108200,-,1500-040,PSP,Rua André de Resende 1,b9476f43-fcda-49d1-b815-08ec7741e1f3
-9.146712245485075,38.749638645439987,58,0901204019001002,999,0901204019001,18ª Esquadra LX,"Rua Afonso Lopes Vieira 2A, R/C",Esquadra de Polícia,217900020,-,1700-093,PSP,"Rua Afonso Lopes Vieira 2A, R/C",9b749e56-152a-4fbc-afbd-de4ad4db45c6
-9.164856002572069,38.762648973328588,59,1807305002001001,999,1807305002001,19ª Esquadra LX,"Rua Professor Luís Reis dos Santos, Lote H - 4 R/C",Esquadra de Polícia,217595604,-,1600-641,PSP,"Rua Prof. Luís Reis Santos 4, R/C",ba8665c8-2021-4704-82af-40b5ee565db0
-9.199187183686599,38.745668232522789,60,0807204002001001,999,0807204002001,20ª Esquadra LX,Rua André de Resende 1,Esquadra de Polícia,217108220,-,1500-040,PSP,Rua André de Resende 1,eafce868-1880-48dd-8da0-e7c319e31b18
-9.158722906785018,38.733058792162005,61,1003201169002001,999,1003201169002,21ª Esquadra LX,"Rua Marquês de Fronteira Tribunal da Policia, R/C, Palácio da Justiça",Esquadra de Polícia,213858817,-,1098-001,PSP,"Rua Marquês de Fronteira Tribunal da Policia, R/C",806684e8-bc7b-4903-a3f9-36a5d56fb1a0
-9.181416538259612,38.766478428564767,62,1103202003001010,999,1103202003001,32ª Esquadra,"Rua Alfredo Ferraz (antigo Impasse B1 do Bairro da Horta Nova) 12, R/C-Loja",Esquadra de Polícia,217164339,-,1600-003,PSP,"Rua Alfredo Ferraz (antigo Impasse B1 do Bairro da Horta Nova) 12, R/C-Loja",22f2355a-0097-4ec6-94b6-0cf157ad5b3d
-9.192926406754966,38.76950459870514,63,1102101023001014,999,1102101023001,36ª Esquadra,"Rua Prof. Miller Guerra (antigo Impasse A do Bairro Padre Cruz) Lote 44, Loja-36",Esquadra de Polícia,217164314,-,1600-647,PSP,"Rua Prof. Miller Guerra (antigo Impasse A do Bairro Padre Cruz) Lote 44, Loja-36",b79898a9-efd3-4b60-af1b-2316d1940489
-9.171584728104879,38.733989794778921,64,1003501019001001,999,1003501019001,37ª Esquadra,"Rua Miguel Ângelo de Blasco 25, R/C",Esquadra de Polícia,213858346,-,1070-181,PSP,"Rua Miguel Ângelo de Blasco 25, R/C",0d59e677-bbe3-40ba-a25f-805e607bf430
-9.153123483040288,38.77789050275949,65,1301801004001036,999,1301801004001,41ª Esquadra,"Rua Maria José da Guia, 14 B - Bairro da Cruz Vermelha",Esquadra de Polícia,217595570,-,1750-358,PSP,"Rua Maria José da Guia (antiga Rua entre R Pedro Queirós e R Maria Carlota) 14B, R/C-Loja",67293327-517c-4248-9928-48614f801fbd
-9.192110201081075,38.759149196896686,66,1102401036001001,999,1102401036001,42ª Esquadra,"Rua Manuela Porto, 14 - A",Esquadra de Polícia,217144989,-,1500-422,PSP,"Rua Manuela Porto 14C, R/C-Esq",715dd9d9-41d4-44a2-8683-c1810fe27344
-9.206182150106692,38.73329050124363,67,0807502011001001,999,0807502011001,43ª Esquadra LX,"Rua do Azevinho (Rua B) Quarteirão Central B - Bloco C, R/C-Loja 27, Bairro da Bela Vista",Esquadra de Polícia,217606073,-,1500-536,PSP,"Rua do Azevinho (Rua B) Quarteirão Central B - Bloco C, R/C-Loja 27",b05d0d1e-5262-41f5-a7a6-decdb4042324
-9.187472970023668,38.755135131825519,68,1101112002001552,999,1101112002001,Posto de Polícia,"Rua Albert Einstein (antiga R Norte - C.C.Colombo) CC Colombo, R/C",Posto de Polícia,217113501,-,1500-676,PSP,"Rua Albert Einstein (antiga R Norte - C.C.Colombo) CC Colombo, R/C",429851a3-2c44-46ff-8c18-00013eee0d96
-9.177640373843078,38.70417881213487,69,0202507011001002,999,0202507011001,4ª Divisão Policial,"Largo do Calvário 6, 1º",Divisão de Policia,213619600,4div.lisboa@psp.pt,1300-113,PSP,"Largo do Calvário 6, 1º",5632e950-7d6e-424c-ba91-12080cab5121
-9.1775980802612,38.704383918263268,70,0202507011001001,999,0202507011001,4ª Esquadra de Investigação Criminal,Largo do Calvário 6,Esquadra de Investigação Criminal,213619600,4eic.lisboa@psp.pt,1300-113,PSP,"Largo do Calvário 6, R/C",5b84f376-eb7f-4e6b-adc2-5192b88db88a
-9.1775980802612,38.704383918263268,71,0202507011001001,999,0202507011001,Esquadra de Intervenção e Fiscalização Policial,Largo do Calvário 6,Esquadra de Intervenção e Fiscalização Polícial,213619600,-,1300-113,PSP,"Largo do Calvário 6, R/C",f7d79beb-a12f-4ded-8a58-90e897ab830a
-9.167919508320875,38.715205254739281,72,3502903050001002,999,3502903050001,24ª Esquadra LX,"Rua Azedo Gneco 84, R/C",Esquadra de Polícia,213619624,-,1350-039,PSP,"Rua Azedo Gneco 84, R/C",472c4aa3-664f-4834-84e6-8089297ecfca
-9.201677946966459,38.69737697986907,73,3202701015001002,999,3202701015001,26ª Esquadra LX,"Praça Afonso de Albuquerque PSP, R/C",Esquadra de Polícia,213619626,-,1300-004,PSP,"Praça Afonso de Albuquerque PSP, R/C",9bf7f66e-b4ea-45fb-9db8-71ee6657a3fe
-9.1775980802612,38.704383918263268,74,0202507011001001,999,0202507011001,28ª Esquadra LX,"Largo do Calvário 6, R/C",Esquadra de Polícia,213619628,-,1300-113,PSP,"Largo do Calvário 6, R/C",c27836f0-9a03-4ef6-bb01-f1f68ec07e46
-9.154955208990064,38.712082371242396,75,1702903013001007,999,1702903013001,30ª Esquadra,"Rua Miguel Lupi 6, R/C",Esquadra de Polícia,213619630,-,1200-725,PSP,"Rua Miguel Lupi 6, R/C",acf2fa72-55ee-45a5-be28-c9866939fe7a
-9.127448502139536,38.727660166353012,76,2502103010001002,999,2502103010001,5ª Divisão Policial,"Avenida Coronel Eduardo Galhardo - Edifício da P.S.P., R/C",Divisão de Policia,218113200,5div.lisboa@psp.pt,1170-105,PSP,"Avenida Coronel Eduardo Galhardo PSP, R/C",ff43c3d1-f825-45e1-8452-5b0f0e1dde1e
-9.127448502139536,38.727660166353012,77,2502103010001002,999,2502103010001,5ª Esquadra de Investigação Criminal,"Avenida Coronel Eduardo Galhardo - Edifício da P.S.P., R/C",Esquadra de Investigação Criminal,218113262,5eic.lisboa@psp.pt,1170-105,PSP,"Avenida Coronel Eduardo Galhardo PSP, R/C",9d5cbbe9-e35e-4cee-974e-d1bfbcc8e1b1
-9.127448502139536,38.727660166353012,78,2502103010001002,999,2502103010001,Esquadra de Intervenção e Fiscalização Policial,"Avenida Coronel Eduardo Galhardo - Edifício da P.S.P., R/C",Esquadra de Intervenção e Fiscalização Polícial,218113200,-,1170-105,PSP,"Avenida Coronel Eduardo Galhardo PSP, R/C",8f6ce19b-ce09-4a93-bb71-f3f49d306b98
-9.136361428285076,38.731771307484223,79,4401803051001001,999,4401803051001,10ª Esquadra Lx,"Rua de Arroios, 164 - A",Esquadra de Polícia,213163670,-,1000-061,PSP,Rua de Arroios 164A,232ca524-2506-4bb9-a0ec-de14c3f136b0
-9.127437128569719,38.727669271163315,80,2502103010001001,999,2502103010001,11ª Esquadra LX,"Avenida Coronel Eduardo Galhardo - Edifício da P.S.P., R/C",Esquadra de Polícia,218113214,-,1170-105,PSP,Avenida Coronel Eduardo Galhardo PSP,b8e667a5-db9a-4fbb-802b-21e7277e79f1
-9.125816019824851,38.739433599650347,81,0302704024001011,999,0302704024001,12ª Esquadra LX,"Rua Américo Durão, 3, A-B",Esquadra de Polícia,218414250,-,1900-063,PSP,"Rua Américo Durão (antiga Rua 1 do Empreendime. da Encosta das Olaias) 3, R/C-Loja A",0e7eb59e-5882-4272-ae11-48ee90e7a812
-9.125059344606512,38.71293042885425,82,3600903001001001,999,3600903001001,Esquadra de Turismo,Largo do Museu de Artilharia,Esquadra de Polícia,218804030,lsbetur@psp.pt,-,PSP,Largo do Museu de Artilharia S/N,6cf6e716-b273-421c-9b00-dc78738ed5a7
-9.149750518455877,38.767106412934439,83,1806119002001001,999,1806119002001,Divisão de Transito,"Avenida Maria Helena Vieira da Silva, 48",Divisão de Trânsito,217501200,dt.lisboa@psp.pt,1750-184,PSP,"Avenida Maria Helena Vieira da Silva 48, R/C",7be0a792-044b-40e7-893e-190837a11912
-9.149750518455877,38.767106412934439,84,1806119002001001,999,1806119002001,Esquadra de Intervenção e Fiscalização,"Avenida Maria Helena Vieira da Silva, 48",Esquadra de Trânsito,217501249,eftecnicadt.lisboa@psp.pt,1750-184,PSP,"Avenida Maria Helena Vieira da Silva 48, R/C",cb85330e-08ce-4a72-bfcf-20699ad10707
-9.149750518455877,38.767106412934439,85,1806119002001001,999,1806119002001,Esquadra Moto,"Avenida Maria Helena Vieira da Silva, 48",Esquadra de Trânsito,217501247,esqmotodt.lisboa@psp.pt,1750-184,PSP,"Avenida Maria Helena Vieira da Silva 48, R/C",46240065-fe40-46ed-afd9-9e0f96f7e9c6
-9.149750518455877,38.767106412934439,86,1806119002001001,999,1806119002001,Brigada de Prevenção Criminal,"Avenida Maria Helena Vieira da Silva, 48",Esquadra de Investigação Criminal,217501278,-,1750-184,PSP,"Avenida Maria Helena Vieira da Silva 48, R/C",8ea1c530-bdbe-4429-adfe-be5e0b6e6f66
-9.149750518455877,38.767106412934439,87,1806119002001001,999,1806119002001,Esquadra de Sinistralidade Rodoviária,"Avenida Maria Helena Vieira da Silva, 48",Esquadra de Trânsito,217501245,-,1750-184,PSP,"Avenida Maria Helena Vieira da Silva 48, R/C",7c3b4d14-db3d-4662-9061-d455c47d6d2b
-9.095799340120433,38.773102300846993,88,3307711014001022,999,3307711014001,1ª Esquadra de Transito,"Avenida Dom João II, Parque das Nações - Piso C1",Esquadra de Trânsito,218364090,-,1990-097,PSP,"Avenida D. João II 1.08.01.C, 1º",b948bab4-c192-48fa-a62a-2f0700307ab4
-9.149750518455877,38.767106412934439,89,1806119002001001,999,1806119002001,2ª Esquadra de Transito,"Avenida Maria Helena Vieira da Silva, 48",Esquadra de Trânsito,217501242,-,1750-184,PSP,"Avenida Maria Helena Vieira da Silva 48, R/C",fe455d46-ccaa-4145-8c2e-a575426b754d
-9.149750518455877,38.767106412934439,90,1806119002001001,999,1806119002001,Secção de Contra-Ordenações,"Avenida Maria Helena Vieira da Silva, 48",Vários,217501238,scr.dt.lisboa@psp.pt,1750-184,PSP,"Avenida Maria Helena Vieira da Silva 48, R/C",d65be0e2-9f2b-4d49-a2cf-e1b7a875d88b
